Var 1,Var 2,r (Pearson),p-value
radius_mean,texture_mean,0.3237818909277329,2.360374375924102e-15
radius_mean,concavity_mean,0.6767635503908116,1.907202255473856e-77
texture_mean,concavity_mean,0.3024178279438914,1.6907491078467547e-13
